layer,token,token_id,rank,prob,logit
0, a,247,81,0.000626,4.9786
0, an,271,3652,4e-05,2.2387
0, used,908,1488,8e-05,2.9144
0, generally,3839,14295,1e-05,0.8842
0, the,253,1213,9.3e-05,3.0685
0, typically,5431,11463,1.4e-05,1.1472
0, one,581,3334,4.3e-05,2.3069
0, provided,2530,32415,3e-06,-0.5154
0, often,2223,11023,1.4e-05,1.1908
0, defined,2931,10132,1.6e-05,1.2894
1, a,247,79,0.000635,4.8901
1, an,271,3972,4.1e-05,2.1399
1, used,908,603,0.000158,3.5002
1, generally,3839,9129,1.9e-05,1.3929
1, the,253,941,0.000118,3.2104
1, typically,5431,13331,1.3e-05,0.9699
1, one,581,3418,4.6e-05,2.2659
1, provided,2530,26451,4e-06,-0.0599
1, often,2223,13255,1.3e-05,0.9786
1, defined,2931,8129,2.2e-05,1.5131
2, a,247,70,0.000785,5.1172
2, an,271,1958,7.3e-05,2.7353
2, used,908,353,0.000232,3.8978
2, generally,3839,8700,2e-05,1.4611
2, the,253,589,0.000166,3.5605
2, typically,5431,8543,2.1e-05,1.4776
2, one,581,1745,7.9e-05,2.8239
2, provided,2530,13595,1.2e-05,0.9579
2, often,2223,10525,1.7e-05,1.2558
2, defined,2931,4106,4e-05,2.152
3, a,247,75,0.00074,5.013
3, an,271,1503,9.5e-05,2.9589
3, used,908,145,0.000457,4.5301
3, generally,3839,4643,3.9e-05,2.0769
3, the,253,1190,0.00011,3.111
3, typically,5431,6143,3e-05,1.8238
3, one,581,745,0.000152,3.432
3, provided,2530,4610,4e-05,2.0832
3, often,2223,10291,1.8e-05,1.2959
3, defined,2931,2376,6.6e-05,2.5979
4, a,247,39,0.001202,5.4365
4, an,271,645,0.000175,3.5121
4, used,908,88,0.000706,4.9049
4, generally,3839,1430,0.0001,2.9531
4, the,253,440,0.000221,3.7418
4, typically,5431,3597,5e-05,2.2588
4, one,581,196,0.000379,4.2819
4, provided,2530,2330,7.1e-05,2.6083
4, often,2223,6551,3e-05,1.7373
4, defined,2931,1559,9.4e-05,2.89
5, a,247,97,0.00057,4.614
5, an,271,352,0.000246,3.7732
5, used,908,13,0.002349,6.0297
5, generally,3839,246,0.000306,3.9903
5, the,253,388,0.000234,3.7218
5, typically,5431,209,0.000337,4.089
5, one,581,227,0.000318,4.0298
5, provided,2530,1113,0.000117,3.0261
5, often,2223,762,0.000154,3.3017
5, defined,2931,573,0.000182,3.4738
6, a,247,56,0.001041,5.2722
6, an,271,151,0.000504,4.5466
6, used,908,3,0.00649,7.102
6, generally,3839,63,0.000971,5.2022
6, the,253,100,0.000665,4.8244
6, typically,5431,43,0.001265,5.4668
6, one,581,37,0.001338,5.5228
6, provided,2530,270,0.000334,4.1359
6, often,2223,88,0.000732,4.9201
6, defined,2931,128,0.000561,4.6538
7, a,247,19,0.002739,6.4192
7, an,271,53,0.001326,5.6941
7, used,908,1,0.027676,8.7322
7, generally,3839,12,0.00395,6.7854
7, the,253,80,0.000952,5.3628
7, typically,5431,6,0.005002,7.0216
7, one,581,15,0.00325,6.5902
7, provided,2530,40,0.00165,5.9121
7, often,2223,18,0.002747,6.422
7, defined,2931,60,0.001182,5.5786
8, a,247,33,0.001486,5.684
8, an,271,80,0.000835,5.1078
8, used,908,1,0.024309,8.4787
8, generally,3839,4,0.008726,7.4541
8, the,253,88,0.000803,5.0685
8, typically,5431,3,0.008848,7.4681
8, one,581,17,0.002413,6.1689
8, provided,2530,25,0.001892,5.9254
8, often,2223,5,0.007875,7.3515
8, defined,2931,52,0.001132,5.4116
9, a,247,47,0.001164,5.5403
9, an,271,44,0.001253,5.6138
9, used,908,5,0.011482,7.8293
9, generally,3839,2,0.026696,8.6731
9, the,253,83,0.000764,5.1193
9, typically,5431,1,0.02746,8.7013
9, one,581,27,0.001793,5.9725
9, provided,2530,37,0.00141,5.7318
9, often,2223,4,0.021456,8.4546
9, defined,2931,60,0.001026,5.414
10, a,247,81,0.000734,4.8962
10, an,271,74,0.000761,4.932
10, used,908,5,0.010653,7.5716
10, generally,3839,1,0.021556,8.2764
10, the,253,56,0.000891,5.0902
10, typically,5431,2,0.017777,8.0836
10, one,581,34,0.001301,5.469
10, provided,2530,36,0.001281,5.4533
10, often,2223,3,0.014692,7.8931
10, defined,2931,42,0.001091,5.2924
11, a,247,36,0.001496,5.8391
11, an,271,42,0.001277,5.6812
11, used,908,5,0.011104,7.8436
11, generally,3839,2,0.028035,8.7697
11, the,253,67,0.000962,5.3978
11, typically,5431,1,0.037324,9.0559
11, one,581,18,0.002363,6.2961
11, provided,2530,48,0.001118,5.5478
11, often,2223,3,0.027289,8.7428
11, defined,2931,39,0.001347,5.7344
12, a,247,9,0.004683,7.0915
12, an,271,11,0.004035,6.9424
12, used,908,6,0.008408,7.6767
12, generally,3839,1,0.038117,9.1882
12, the,253,32,0.00178,6.1242
12, typically,5431,3,0.029267,8.924
12, one,581,8,0.005114,7.1795
12, provided,2530,36,0.001673,6.0621
12, often,2223,2,0.030873,8.9774
12, defined,2931,15,0.003027,6.6551
13, a,247,2,0.014338,8.3564
13, an,271,7,0.009626,7.9579
13, used,908,3,0.012829,8.2451
13, generally,3839,1,0.015314,8.4222
13, the,253,12,0.005511,7.4002
13, typically,5431,5,0.012424,8.2131
13, one,581,9,0.008367,7.8178
13, provided,2530,39,0.001968,6.3706
13, often,2223,4,0.01281,8.2436
13, defined,2931,36,0.002006,6.3895
14, a,247,1,0.046931,9.9306
14, an,271,3,0.023061,9.22
14, used,908,8,0.012397,8.5993
14, generally,3839,5,0.016092,8.8602
14, the,253,7,0.013207,8.6626
14, typically,5431,4,0.016935,8.9113
14, one,581,9,0.011627,8.5352
14, provided,2530,68,0.001373,6.3985
14, often,2223,6,0.013404,8.6774
14, defined,2931,62,0.001522,6.5017
15, a,247,1,0.044443,9.636
15, an,271,2,0.02725,9.1469
15, used,908,6,0.013412,8.438
15, generally,3839,7,0.011905,8.3188
15, the,253,5,0.013596,8.4516
15, typically,5431,4,0.013621,8.4535
15, one,581,10,0.008175,7.9429
15, provided,2530,97,0.00109,5.9282
15, often,2223,8,0.010993,8.2391
15, defined,2931,86,0.001188,6.0144
16, a,247,1,0.100122,10.8049
16, an,271,2,0.038681,9.8539
16, used,908,9,0.009546,8.4547
16, generally,3839,12,0.008653,8.3564
16, the,253,4,0.031123,9.6365
16, typically,5431,14,0.007141,8.1643
16, one,581,6,0.012209,8.7007
16, provided,2530,130,0.000783,5.9538
16, often,2223,11,0.008861,8.3801
16, defined,2931,102,0.000983,6.1815
17, a,247,1,0.123805,11.1472
17, an,271,2,0.040473,10.0291
17, used,908,6,0.013573,8.9365
17, generally,3839,9,0.010636,8.6927
17, the,253,4,0.024823,9.5403
17, typically,5431,15,0.00763,8.3605
17, one,581,12,0.008076,8.4174
17, provided,2530,108,0.000951,6.2778
17, often,2223,7,0.01126,8.7497
17, defined,2931,77,0.001284,6.5783
18, a,247,1,0.186949,11.6703
18, an,271,2,0.055686,10.4592
18, used,908,6,0.011337,8.8675
18, generally,3839,8,0.011258,8.8606
18, the,253,4,0.020024,9.4364
18, typically,5431,15,0.007033,8.39
18, one,581,17,0.00682,8.3593
18, provided,2530,109,0.000875,6.3062
18, often,2223,10,0.008482,8.5773
18, defined,2931,51,0.001659,6.9456
19, a,247,1,0.153378,11.0847
19, an,271,2,0.053606,10.0335
19, used,908,5,0.012944,8.6124
19, generally,3839,8,0.011929,8.5308
19, the,253,4,0.021862,9.1366
19, typically,5431,13,0.005539,7.7637
19, one,581,16,0.004772,7.6146
19, provided,2530,81,0.001104,6.1508
19, often,2223,11,0.006179,7.873
19, defined,2931,30,0.00251,6.9723
20, a,247,1,0.296215,12.2941
20, an,271,2,0.095112,11.1581
20, used,908,7,0.011635,9.0571
20, generally,3839,8,0.010434,8.9481
20, the,253,3,0.034265,10.1372
20, typically,5431,13,0.004771,8.1655
20, one,581,9,0.006789,8.5184
20, provided,2530,61,0.001144,6.7374
20, often,2223,16,0.003852,7.9517
20, defined,2931,31,0.00243,7.4911
21, a,247,1,0.349494,12.8858
21, an,271,2,0.085542,11.4784
21, used,908,8,0.012756,9.5753
21, generally,3839,7,0.012785,9.5776
21, the,253,3,0.037637,10.6573
21, typically,5431,14,0.00559,8.7502
21, one,581,9,0.008745,9.1978
21, provided,2530,54,0.001281,7.2771
21, often,2223,16,0.004593,8.5538
21, defined,2931,27,0.002624,7.994
22, a,247,1,0.467474,13.5494
22, an,271,2,0.140473,12.3471
22, used,908,4,0.009869,9.6915
22, generally,3839,5,0.009172,9.6183
22, the,253,3,0.029442,10.7845
22, typically,5431,11,0.004298,8.8603
22, one,581,6,0.008807,9.5777
22, provided,2530,58,0.000846,7.235
22, often,2223,16,0.003341,8.6085
22, defined,2931,26,0.001764,7.9696
23, a,247,1,0.547327,13.8031
23, an,271,2,0.176496,12.6714
23, used,908,6,0.006119,9.3095
23, generally,3839,4,0.009159,9.7128
23, the,253,3,0.022467,10.6101
23, typically,5431,7,0.004304,8.9577
23, one,581,5,0.006515,9.3722
23, provided,2530,48,0.000583,6.9592
23, often,2223,13,0.002699,8.491
23, defined,2931,23,0.001399,7.834
24, a,247,1,0.588896,14.2043
24, an,271,2,0.1932,13.0898
24, used,908,6,0.006075,9.6302
24, generally,3839,4,0.007277,9.8108
24, the,253,3,0.015433,10.5625
24, typically,5431,7,0.004369,9.3007
24, one,581,5,0.006662,9.7225
24, provided,2530,29,0.0008,7.603
24, often,2223,13,0.002623,8.7902
24, defined,2931,23,0.001084,7.9065
25, a,247,1,0.663247,15.1082
25, an,271,2,0.200732,13.913
25, used,908,4,0.006196,10.4351
25, generally,3839,5,0.00529,10.2769
25, the,253,3,0.009893,10.9029
25, typically,5431,7,0.003363,9.8238
25, one,581,6,0.004547,10.1255
25, provided,2530,26,0.000661,8.1976
25, often,2223,13,0.001869,9.2365
25, defined,2931,18,0.001182,8.7781
26, a,247,1,0.744824,16.1247
26, an,271,2,0.17777,14.6921
26, used,908,5,0.004138,10.9317
26, generally,3839,6,0.0027,10.505
26, the,253,3,0.008267,11.6238
26, typically,5431,10,0.001268,9.7487
26, one,581,4,0.004556,11.028
26, provided,2530,29,0.000389,8.5677
26, often,2223,15,0.000863,9.3642
26, defined,2931,18,0.000732,9.1994
27, a,247,1,0.733448,16.2261
27, an,271,2,0.184639,14.8468
27, used,908,5,0.004155,11.0526
27, generally,3839,6,0.003198,10.791
27, the,253,3,0.007605,11.6572
27, typically,5431,9,0.001583,10.0874
27, one,581,4,0.004726,11.1814
27, provided,2530,29,0.000357,8.5975
27, often,2223,13,0.001142,9.7615
27, defined,2931,18,0.000844,9.4585
28, a,247,1,0.73944,16.224
28, an,271,2,0.163175,14.713
28, used,908,3,0.008323,11.7371
28, generally,3839,6,0.004095,11.028
28, the,253,4,0.007667,11.6551
28, typically,5431,9,0.002148,10.3826
28, one,581,5,0.004625,11.1497
28, provided,2530,26,0.000493,8.9113
28, often,2223,11,0.001535,10.0466
28, defined,2931,18,0.000952,9.5691
29, a,247,1,0.775959,17.0861
29, an,271,2,0.153183,15.4636
29, used,908,4,0.006384,12.2857
29, generally,3839,8,0.002617,11.3939
29, the,253,3,0.006416,12.2908
29, typically,5431,10,0.001393,10.7631
29, one,581,5,0.00549,12.135
29, provided,2530,27,0.000353,9.3906
29, often,2223,9,0.001536,10.8613
29, defined,2931,16,0.000743,10.1351
30, a,247,1,0.797184,17.2068
30, an,271,2,0.134399,15.4265
30, used,908,5,0.005406,12.2132
30, generally,3839,7,0.002686,11.5139
30, the,253,3,0.00707,12.4816
30, typically,5431,10,0.001193,10.7018
30, one,581,4,0.006178,12.3467
30, provided,2530,26,0.000375,9.546
30, often,2223,13,0.001125,10.6434
30, defined,2931,18,0.000604,10.0223
31, a,247,1,0.81854,17.7822
31, an,271,2,0.120607,15.8673
31, used,908,5,0.00514,12.7118
31, generally,3839,7,0.002073,11.8036
31, the,253,3,0.008502,13.2151
31, typically,5431,14,0.000749,10.7852
31, one,581,4,0.006883,13.0038
31, provided,2530,24,0.000361,10.0561
31, often,2223,13,0.000933,11.0058
31, defined,2931,16,0.000608,10.5769
32, a,247,1,0.884495,18.0761
32, an,271,2,0.058405,15.3585
32, used,908,5,0.003468,12.5348
32, generally,3839,7,0.002255,12.1042
32, the,253,3,0.008918,13.4791
32, typically,5431,14,0.000661,10.8772
32, one,581,4,0.006576,13.1745
32, provided,2530,21,0.000424,10.4342
32, often,2223,13,0.000795,11.0615
32, defined,2931,17,0.000499,10.5959
33, a,247,1,0.846217,18.1371
33, an,271,2,0.079433,15.7713
33, used,908,5,0.003304,12.5915
33, generally,3839,6,0.002774,12.4168
33, the,253,3,0.015876,14.1612
33, typically,5431,14,0.000848,11.232
33, one,581,4,0.009414,13.6386
33, provided,2530,19,0.000566,10.828
33, often,2223,13,0.001265,11.6315
33, defined,2931,15,0.000787,11.1563
34, a,247,1,0.734865,16.227
34, an,271,2,0.071336,13.8947
34, used,908,6,0.010179,11.9476
34, generally,3839,4,0.012764,12.1739
34, the,253,3,0.021761,12.7074
34, typically,5431,9,0.004857,11.2077
34, one,581,5,0.012139,12.1237
34, provided,2530,11,0.003793,10.9605
34, often,2223,8,0.005161,11.2684
34, defined,2931,14,0.003131,10.7685
35, a,247,1,0.701167,18.2703
35, an,271,2,0.065355,15.8974
35, used,908,3,0.026939,15.0112
35, generally,3839,4,0.021131,14.7684
35, the,253,5,0.016019,14.4914
35, typically,5431,6,0.013475,14.3185
35, one,581,7,0.010377,14.0572
35, provided,2530,8,0.00805,13.8033
35, often,2223,9,0.007922,13.7873
35, defined,2931,10,0.007912,13.786
